field,current_value,suggested_replacement,affected_rows
operator,"3 Knight'S Llc","3 KNIGHT'S LLC",11
operator,"3 Knight's LLC","3 KNIGHT'S LLC",56
operator,"3Tec Energy Corporation","3TEC ENERGY CORPORATION",8101
operator,"A.C.T. Operating Company","A.C.T. OPERATING COMPANY",3887
operator,"Abraxas Petroleum Corporation","ABRAXAS PETROLEUM CORPORATION",43682
operator,"Acoma Oil Corporation","ACOMA OIL CORPORATION",1595
operator,"Adams & Mcgahey","ADAMS & MCGAHEY",638
operator,"Adco Oil & Gas","ADCO OIL & GAS",12
operator,"Adeco Energy Corporation","ADECO ENERGY CORPORATION",456
operator,"Aethon I Lp","AETHON I LP",6107
operator,"Alameda Corporation","ALAMEDA CORPORATION",1
operator,"Alda Oil & Gas Corporation","ALDA OIL & GAS CORPORATION",134
operator,"Alexander Energy Corporation","ALEXANDER ENERGY CORPORATION",1090
operator,"Alvarado 2014 Llc","ALVARADO 2014 LLC",168
operator,"Amax Petroleum Corporation","AMAX PETROLEUM CORPORATION",6
operator,"Amerada Hess Corporation","AMERADA HESS CORPORATION",14495
operator,"Ameredev Operating, Llc","AMEREDEV OPERATING, LLC",1878
operator,"Americo Oil Company","AMERICO OIL COMPANY",765
operator,"Amerril Energy Llc","AMERRIL ENERGY LLC",9922
operator,"Ames Oil Corporation Of Texas","AMES OIL CORPORATION OF TEXAS",852
operator,"Amrwr, Llc","AMRWR, LLC",1728
operator,"Anadarko Petroleum Corporation","ANADARKO PETROLEUM CORPORATION",196183
operator,"Anderson Oil Company","ANDERSON OIL COMPANY",1233
operator,"Anr Production Company","ANR PRODUCTION COMPANY",744
operator,"Anschutz Exploration Corporation","ANSCHUTZ EXPLORATION CORPORATION",1117
operator,"Anson Company","ANSON COMPANY",144
operator,"Antares Energy Company","ANTARES ENERGY COMPANY",416
operator,"Aop Operating Corporation","AOP OPERATING CORPORATION",1174
operator,"Apache Corporation","APACHE CORPORATION",736601
operator,"Arco Permian","ARCO PERMIAN",31794
operator,"Ardent Energy Llc","ARDENT ENERGY LLC",554
operator,"Argali Resources","ARGALI RESOURCES",42
operator,"Argee Oil Company","ARGEE OIL COMPANY",48
operator,"Argonaut Energy Corporation","ARGONAUT ENERGY CORPORATION",94
operator,"Arrow Exploration Company","ARROW EXPLORATION COMPANY",3066
operator,"Arrowhead Operating Inc.","ARROWHEAD OPERATING INC.",3781
operator,"Asher Resources","ASHER RESOURCES",2930
operator,"Atlantic Operating, Inc.","ATLANTIC OPERATING, INC.",5912
operator,"Atlantic Richfield Company","ATLANTIC RICHFIELD COMPANY",617
operator,"Atlas Operating LLC","ATLAS OPERATING LLC",231
operator,"Atlas Operating Llc","ATLAS OPERATING LLC",61953
operator,"Avalanche Oil & Gas Llc","AVALANCHE OIL & GAS LLC",261
operator,"Aviara Energy Corporation","AVIARA ENERGY CORPORATION",410
operator,"Axis Energy Corporation","AXIS ENERGY CORPORATION",13056
operator,"Aztec Energy Corporation","AZTEC ENERGY CORPORATION",182
operator,"B & B Oil Company","B & B OIL COMPANY",375
operator,"B & B Operating Company","B & B OPERATING COMPANY",499
operator,"B & S Production","B & S PRODUCTION",132
operator,"B And M Production","B AND M PRODUCTION",519
operator,"BAM Permian Operating, LLC","BAM PERMIAN OPERATING, LLC",4153
operator,"Bam Permian Operating, Llc","BAM PERMIAN OPERATING, LLC",1773
operator,"Banner Oil & Gas Llc","BANNER OIL & GAS LLC",3204
operator,"Barbour Energy Corporation","BARBOUR ENERGY CORPORATION",1949
operator,"Barrett Resources Corporation","BARRETT RESOURCES CORPORATION",251
operator,"Basin Operating Company","BASIN OPERATING COMPANY",48
operator,"Basin Operating Services LLC","BASIN OPERATING SERVICES LLC",18
operator,"Battlecat Operating Company, Llc","BATTLECAT OPERATING COMPANY, LLC",1247
operator,"Bc Operating, Inc.","BC OPERATING, INC.",30725
operator,"Bce-Mach Ii Llc","BCE-MACH II LLC",24580
operator,"BCE-Mach III LLC","BCE-MACH III LLC",99
operator,"Bce-Mach Iii Llc","BCE-MACH III LLC",62071
operator,"BCP Resources, LLC","BCP RESOURCES, LLC",63
operator,"Bcp Resources, Llc","BCP RESOURCES, LLC",5133
operator,"Be Anadarko Ii, Llc","BE ANADARKO II, LLC",15184
operator,"Beard Oil Company","BEARD OIL COMPANY",101
operator,"Beasley Oil Company","BEASLEY OIL COMPANY",27
operator,"Beekay Company","BEEKAY COMPANY",32
operator,"Bellwether Exploration Company","BELLWETHER EXPLORATION COMPANY",4826
operator,"Benn Oil & Gas","BENN OIL & GAS",280
operator,"Bennett Production Corporation","BENNETT PRODUCTION CORPORATION",9214
operator,"Beren Corporation","BEREN CORPORATION",9147
operator,"Berenergy Corporation","BERENERGY CORPORATION",2721
operator,"Berexco Llc","BEREXCO LLC",361
operator,"Big Run Production Company","BIG RUN PRODUCTION COMPANY",20376
operator,"Bishop & Dowdy Oil","BISHOP & DOWDY OIL",513
operator,"Black Dome Energy Corporation","BLACK DOME ENERGY CORPORATION",49
operator,"Black Jack Oil","BLACK JACK OIL",293
operator,"Black Mountain Operating Llc","BLACK MOUNTAIN OPERATING LLC",147
operator,"Black Mountain Swd Lp","BLACK MOUNTAIN SWD LP",72
operator,"Black Top Operating, LLC","BLACK TOP OPERATING, LLC",500
operator,"Black Top Operating, Llc","BLACK TOP OPERATING, LLC",633
operator,"Blackbeard Operating, Llc","BLACKBEARD OPERATING, LLC",127978
operator,"Blue Dolphin Production Llc","BLUE DOLPHIN PRODUCTION LLC",959
operator,"Blue Ridge Resources, Llc","BLUE RIDGE RESOURCES, LLC",9599
operator,"Bluestem Energy Holdings, Llc","BLUESTEM ENERGY HOLDINGS, LLC",1525
operator,"Bluestem Resources Llc","BLUESTEM RESOURCES LLC",420
operator,"Boaz Energy, Llc","BOAZ ENERGY, LLC",971
operator,"Boge, Inc.","BOGE, INC.",561
operator,"Bolin Oil Company","BOLIN OIL COMPANY",197
operator,"Boondocks Solutions Llc","BOONDOCKS SOLUTIONS LLC",718
operator,"Bopco, L.P.","BOPCO, L.P.",26374
operator,"Bp America Production Company","BP AMERICA PRODUCTION COMPANY",576892
operator,"Bracken Energy Company","BRACKEN ENERGY COMPANY",939
operator,"Bradmar Petroleum Corporation","BRADMAR PETROLEUM CORPORATION",248
operator,"Brg Petroleum Corporation","BRG PETROLEUM CORPORATION",5082
operator,"Bristol Resources Corporation","BRISTOL RESOURCES CORPORATION",13068
operator,"Brock Oil & Gas Corporation","BROCK OIL & GAS CORPORATION",1496
operator,"Browning Oil Company, Inc.","BROWNING OIL COMPANY, INC.",33927
operator,"Bta Oil Producers","BTA OIL PRODUCERS",26532
operator,"Bta Oil Producers, Llc","BTA OIL PRODUCERS, LLC",27755
operator,"Burk Royalty Co., Ltd.","BURK ROYALTY CO., LTD.",114390
operator,"Burns Operating","BURNS OPERATING",4807
operator,"Buttes Resources Company","BUTTES RESOURCES COMPANY",135
operator,"BXP Operating, LLC","BXP OPERATING, LLC",28847
operator,"Bxp Operating, Llc","BXP OPERATING, LLC",17388
operator,"C & S Oil Company","C & S OIL COMPANY",215
operator,"Cabal Energy Corporation","CABAL ENERGY CORPORATION",261
operator,"Cabot Oil & Gas Corporation","CABOT OIL & GAS CORPORATION",62238
operator,"Calpine Natural Gas Company L.P.","CALPINE NATURAL GAS COMPANY L.P.",1171
operator,"Calumet Oil Company","CALUMET OIL COMPANY",161
operator,"Cambrian Management Ltd","CAMBRIAN MANAGEMENT LTD",3139
operator,"Canvas Energy Llc","CANVAS ENERGY LLC",128
operator,"Capstone Natural Resources, Llc","CAPSTONE NATURAL RESOURCES, LLC",491
operator,"Capturepoint Llc","CAPTUREPOINT LLC",2915
operator,"Carlson Petroleum Company","CARLSON PETROLEUM COMPANY",58
operator,"Caza Operating, Llc","CAZA OPERATING, LLC",1236
operator,"Cbm Partners Corporation","CBM PARTNERS CORPORATION",132
operator,"Cei Operating Llc","CEI OPERATING LLC",2767
operator,"Ceja Corporation","CEJA CORPORATION",127
operator,"Celero Energy Ii, Lp","CELERO ENERGY II, LP",727
operator,"Champlin Exploration, Inc.","CHAMPLIN EXPLORATION, INC.",1401
operator,"Chapman Oil Company","CHAPMAN OIL COMPANY",338
operator,"Chesapeake Operating, Inc.","CHESAPEAKE OPERATING, INC.",590510
operator,"Chevron Midcontinent, L.P.","CHEVRON MIDCONTINENT, L.P.",98096
operator,"Cheyenne Petroleum Company","CHEYENNE PETROLEUM COMPANY",5015
operator,"Chuza Operating","CHUZA OPERATING",159
operator,"Cimarex Energy Co. Of Colorado","CIMAREX ENERGY CO. OF COLORADO",148223
operator,"Cirrus Production Company","CIRRUS PRODUCTION COMPANY",6314
operator,"Citori Oil Company","CITORI OIL COMPANY",936
operator,"Citrus Energy Corporation","CITRUS ENERGY CORPORATION",1080
operator,"Civitas Permian Operating, LLC","CIVITAS PERMIAN OPERATING, LLC",5144
operator,"Civitas Permian Operating, Llc","CIVITAS PERMIAN OPERATING, LLC",18326
operator,"Cleary Petroleum Corporation","CLEARY PETROLEUM CORPORATION",229
operator,"Cml Exploration, Llc","CML EXPLORATION, LLC",48523
operator,"Coalinga Corporation","COALINGA CORPORATION",2283
operator,"Coastal Oil & Gas Corporation","COASTAL OIL & GAS CORPORATION",41537
operator,"Cobalt Operating, Llc","COBALT OPERATING, LLC",759
operator,"Cobra Oil & Gas Corporation","COBRA OIL & GAS CORPORATION",19762
operator,"Coenergy Operating Company","COENERGY OPERATING COMPANY",631
operator,"Cog Operating Llc","COG OPERATING LLC",196953
operator,"Colgate Operating, Llc","COLGATE OPERATING, LLC",5768
operator,"Colt Resources Corporation","COLT RESOURCES CORPORATION",661
operator,"Columbia Production Company","COLUMBIA PRODUCTION COMPANY",9
operator,"Combined Resources Corporation","COMBINED RESOURCES CORPORATION",1467
operator,"Concho Exploration Inc","CONCHO EXPLORATION INC",678
operator,"Conocophillips Company","CONOCOPHILLIPS COMPANY",684138
operator,"Conquest Oil Company","CONQUEST OIL COMPANY",545
operator,"Contango Resources, LLC","CONTANGO RESOURCES, LLC",21643
operator,"Contango Resources, Llc","CONTANGO RESOURCES, LLC",39559
operator,"Continental Resources, Inc.","CONTINENTAL RESOURCES, INC.",15000
operator,"Convest Energy Corporation","CONVEST ENERGY CORPORATION",602
operator,"Coquina Oil Corporation","COQUINA OIL CORPORATION",11
operator,"Corda Corporation","CORDA CORPORATION",8008
operator,"Corlena Oil Company","CORLENA OIL COMPANY",9806
operator,"Cortez Operating Company","CORTEZ OPERATING COMPANY",1108
operator,"Costilla Energy, Inc.","COSTILLA ENERGY, INC.",16653
operator,"Coterra Energy Operating Co.","COTERRA ENERGY OPERATING CO.",38024
operator,"Cove Petroleum Corporation","COVE PETROLEUM CORPORATION",4983
operator,"Crawley Petroleum Corporation","CRAWLEY PETROLEUM CORPORATION",5542
operator,"Crockett Operating, LLC","CROCKETT OPERATING, LLC",160
operator,"Crockett Operating, Llc","CROCKETT OPERATING, LLC",634
operator,"Cross Timbers Energy, Llc","CROSS TIMBERS ENERGY, LLC",12240
operator,"Crouch Petroleum Company","CROUCH PETROLEUM COMPANY",790
operator,"Crownquest Operating, Llc","CROWNQUEST OPERATING, LLC",64274
operator,"Crusader Energy Corporation","CRUSADER ENERGY CORPORATION",33
operator,"D & D Oil Company","D & D OIL COMPANY",535
operator,"D & D Pipe & Equipment Inc","D & D PIPE & EQUIPMENT INC",7
operator,"D & S Oil Company","D & S OIL COMPANY",2022
operator,"D.J.F. Services, Inc.","D.J.F. SERVICES, INC.",4141
operator,"Dabb Energy Company","DABB ENERGY COMPANY",19742
operator,"Daniels Energy","DANIELS ENERGY",4390
operator,"Davis Operating Company","DAVIS OPERATING COMPANY",663
operator,"Daylight Petroleum Llc","DAYLIGHT PETROLEUM LLC",22520
operator,"Dee-Jay Exploration Company","DEE-JAY EXPLORATION COMPANY",2096
operator,"Del Petroleum Corporation","DEL PETROLEUM CORPORATION",1212
operator,"Devon Louisiana Corporation","DEVON LOUISIANA CORPORATION",31488
operator,"Diamond S Energy Company","DIAMOND S ENERGY COMPANY",41944
operator,"Diamondback Resources Llc","DIAMONDBACK RESOURCES LLC",820
operator,"Discovery Natural Resources Llc","DISCOVERY NATURAL RESOURCES LLC",89707
operator,"Diversified Production Llc","DIVERSIFIED PRODUCTION LLC",160504
operator,"Dms Oil Company","DMS OIL COMPANY",2325
operator,"Dominion Production Company, Llc","DOMINION PRODUCTION COMPANY, LLC",1662
operator,"Double C Operating Llc","DOUBLE C OPERATING LLC",52
operator,"Double Eagle Petroleum Corp","DOUBLE EAGLE PETROLEUM CORP",6094
operator,"Dove Oil Company","DOVE OIL COMPANY",80
operator,"Duncan Energy Company","DUNCAN ENERGY COMPANY",255
operator,"Dyad Petroleum Company","DYAD PETROLEUM COMPANY",5030
operator,"E R Operating Company","E R OPERATING COMPANY",6905
operator,"E2 Operating Llc","E2 OPERATING LLC",2808
operator,"Eagle Petroleum Corporation","EAGLE PETROLEUM CORPORATION",1694
operator,"Earthstone Operating, LLC","EARTHSTONE OPERATING, LLC",13654
operator,"Earthstone Operating, Llc","EARTHSTONE OPERATING, LLC",18471
operator,"Eastern Petroleum Company","EASTERN PETROLEUM COMPANY",300
operator,"Ecc Energy Corporation","ECC ENERGY CORPORATION",173
operator,"Eclipse Oil & Gas, Inc.","ECLIPSE OIL & GAS, INC.",5153
operator,"Edmonds Management Company","EDMONDS MANAGEMENT COMPANY",603
operator,"Edwards & Leach Oil Company","EDWARDS & LEACH OIL COMPANY",62
operator,"Eight Round Corporation","EIGHT ROUND CORPORATION",353
operator,"El Paso Natural Gas Company","EL PASO NATURAL GAS COMPANY",184
operator,"El Paso Production Company","EL PASO PRODUCTION COMPANY",18142
operator,"El Paso Production Oil & Gas Co.","EL PASO PRODUCTION OIL & GAS CO.",51670
operator,"Element Petroleum Operating, Llc","ELEMENT PETROLEUM OPERATING, LLC",1836
operator,"Emerson Oil Company","EMERSON OIL COMPANY",148
operator,"Endurance Resources Llc","ENDURANCE RESOURCES LLC",273
operator,"Enduring Resources, Llc","ENDURING RESOURCES, LLC",2172
operator,"Energen Resources Corporation","ENERGEN RESOURCES CORPORATION",81007
operator,"Energypro, Inc.","ENERGYPRO, INC.",13315
operator,"Energyquest Ii, Llc","ENERGYQUEST II, LLC",12067
operator,"Enerquest Resources, Llc","ENERQUEST RESOURCES, LLC",24
operator,"Enex Resources Corporation","ENEX RESOURCES CORPORATION",6160
operator,"Eor Operating Company","EOR OPERATING COMPANY",996
operator,"Ernmar Investments, Inc.","ERNMAR INVESTMENTS, INC.",4344
operator,"Estoril Producing Corporation","ESTORIL PRODUCING CORPORATION",276
operator,"Everquest Energy Corporation","EVERQUEST ENERGY CORPORATION",143
operator,"Export Petroleum Corporation","EXPORT PETROLEUM CORPORATION",3254
operator,"Extex Operating Company","EXTEX OPERATING COMPANY",73771
operator,"Exxon Mobil Corporation","EXXON MOBIL CORPORATION",346749
operator,"Exxonmobil Oil Corporation","EXXONMOBIL OIL CORPORATION",450
operator,"Fair Oil Company","FAIR OIL COMPANY",2937
operator,"Fairway Resources Operating, Llc","FAIRWAY RESOURCES OPERATING, LLC",4692
operator,"Falcon Creek Resources, Inc.","FALCON CREEK RESOURCES, INC.",528
operator,"FDL Operating, LLC","FDL OPERATING, LLC",196
operator,"Fdl Operating, Llc","FDL OPERATING, LLC",81777
operator,"Fdw Llc","FDW LLC",17
operator,"Felderhoff Production Company","FELDERHOFF PRODUCTION COMPANY",47935
operator,"Finaly Resources LLC","FINALY RESOURCES LLC",613
operator,"Finaly Resources Llc","FINALY RESOURCES LLC",11281
operator,"Five States Operating Company","FIVE STATES OPERATING COMPANY",1428
operator,"Flag-Redfern Oil Company","FLAG-REDFERN OIL COMPANY",24
operator,"Flat Creek Resources, LLC","FLAT CREEK RESOURCES, LLC",239
operator,"Flat Creek Resources, Llc","FLAT CREEK RESOURCES, LLC",145
operator,"Flat Top Operating, LLC","FLAT TOP OPERATING, LLC",319
operator,"Flat Top Operating, Llc","FLAT TOP OPERATING, LLC",1867
operator,"Flint Oak Energy, LLC","FLINT OAK ENERGY, LLC",1433
operator,"Flint Oak Energy, Llc","FLINT OAK ENERGY, LLC",8428
operator,"Flow Production Company","FLOW PRODUCTION COMPANY",390
operator,"Follett Operating Company Llc","FOLLETT OPERATING COMPANY LLC",171
operator,"Forcenergy Inc","FORCENERGY INC",1536
operator,"Foree Oil Company","FOREE OIL COMPANY",3178
operator,"Forest Oil Corporation","FOREST OIL CORPORATION",214112
operator,"Forest Oil Permian Corporation","FOREST OIL PERMIAN CORPORATION",13554
operator,"Forestar Oil & Gas Llc","FORESTAR OIL & GAS LLC",38
operator,"Forge Energy, Llc","FORGE ENERGY, LLC",3232
operator,"Formentera Operations Llc","FORMENTERA OPERATIONS LLC",30303
operator,"Forney Oil Corporation","FORNEY OIL CORPORATION",1734
operator,"Fortune Operating Company","FORTUNE OPERATING COMPANY",7138
operator,"Fossil Creek Energy Corporation","FOSSIL CREEK ENERGY CORPORATION",229
operator,"Foundation Energy Management Llc","FOUNDATION ENERGY MANAGEMENT LLC",22361
operator,"Four Starr Production, Llc","FOUR STARR PRODUCTION, LLC",1323
operator,"Frisco Energy, L.L.C.","FRISCO ENERGY, L.L.C.",1507
operator,"Fullspike Energy Llc","FULLSPIKE ENERGY LLC",2191
operator,"Gap Exploration, Ltd.","GAP EXPLORATION, LTD.",3077
operator,"Germany Oil Company","GERMANY OIL COMPANY",40
operator,"Germany Operating Company","GERMANY OPERATING COMPANY",1003
operator,"Golden Gas Production Company","GOLDEN GAS PRODUCTION COMPANY",547
operator,"Gothic Energy Corporation","GOTHIC ENERGY CORPORATION",1344
operator,"Gothic Production Corporation","GOTHIC PRODUCTION CORPORATION",174
operator,"Grb Properties, Inc.","GRB PROPERTIES, INC.",231
operator,"Great Western Drilling Company","GREAT WESTERN DRILLING COMPANY",28066
operator,"Greenville Operating Company","GREENVILLE OPERATING COMPANY",42
operator,"Griffin Petroleum Company","GRIFFIN PETROLEUM COMPANY",5425
operator,"H & D Operating Company","H & D OPERATING COMPANY",8416
operator,"H & H Production","H & H PRODUCTION",1190
operator,"H & K Oil Company","H & K OIL COMPANY",36
operator,"H & L Operating Company","H & L OPERATING COMPANY",2928
operator,"H & S Production","H & S PRODUCTION",8
operator,"H T P Producing Company","H T P PRODUCING COMPANY",114
operator,"H2Ok Llc","H2OK LLC",24
operator,"Hailey Energy Corporation","HAILEY ENERGY CORPORATION",189
operator,"Hamon Operating Company","HAMON OPERATING COMPANY",918
operator,"Harbor Resources Llc","HARBOR RESOURCES LLC",678
operator,"Hardwick Oil Company","HARDWICK OIL COMPANY",490
operator,"Harken Exploration Company","HARKEN EXPLORATION COMPANY",6318
operator,"Harvard Petroleum Company, Llc","HARVARD PETROLEUM COMPANY, LLC",1028
operator,"Hcm","HCM",5185
operator,"Headington Oil Company","HEADINGTON OIL COMPANY",6389
operator,"Headington Oil Company Llc","HEADINGTON OIL COMPANY LLC",9373
operator,"Heights Energy Corporation","HEIGHTS ENERGY CORPORATION",3446
operator,"Henry Petroleum Lp","HENRY PETROLEUM LP",28573
operator,"Heritage Resources, Inc.","HERITAGE RESOURCES, INC.",1541
operator,"Heritage Standard Corporation","HERITAGE STANDARD CORPORATION",5011
operator,"Hess Corporation","HESS CORPORATION",4220
operator,"HEXP Operating, LLC","HEXP OPERATING, LLC",177
operator,"Hexp Operating, Llc","HEXP OPERATING, LLC",12578
operator,"Highmount Operating Llc","HIGHMOUNT OPERATING LLC",72
operator,"Hilcorp Energy Company","HILCORP ENERGY COMPANY",1016440
operator,"Hillin-Simon Oil Company","HILLIN-SIMON OIL COMPANY",2555
operator,"Hk Energy Operating, Llc","HK ENERGY OPERATING, LLC",8959
operator,"Hog Operating Llc","HOG OPERATING LLC",316
operator,"Holden Energy Corporation","HOLDEN ENERGY CORPORATION",209
operator,"Horizon Natural Gas Company","HORIZON NATURAL GAS COMPANY",857
operator,"Howell Petroleum Corporation","HOWELL PETROLEUM CORPORATION",4434
operator,"Hppc, Inc.","HPPC, INC.",874
operator,"Hugoton Energy Corporation","HUGOTON ENERGY CORPORATION",11777
operator,"Hulen Operating Company","HULEN OPERATING COMPANY",1855
operator,"Hunt Oil Company","HUNT OIL COMPANY",101768
operator,"Hunt Petroleum Corporation","HUNT PETROLEUM CORPORATION",35256
operator,"Hyalite Energy Corporation","HYALITE ENERGY CORPORATION",111
operator,"Impetro Operating LLC","IMPETRO OPERATING LLC",132
operator,"Impetro Operating Llc","IMPETRO OPERATING LLC",8532
operator,"Inca Oil Corporation","INCA OIL CORPORATION",57
operator,"Inexco Oil Company","INEXCO OIL COMPANY",26
operator,"Interstate Explorations Llc","INTERSTATE EXPLORATIONS LLC",12932
operator,"J & J Oil Company","J & J OIL COMPANY",955
operator,"J & S Gas Company","J & S GAS COMPANY",130
operator,"J & S Oil Company","J & S OIL COMPANY",10
operator,"J & S Operating","J & S OPERATING",84
operator,"J-Brex Company","J-BREX COMPANY",10060
operator,"Jay Management Company, Llc","JAY MANAGEMENT COMPANY, LLC",81282
operator,"Jay Resources Corporation","JAY RESOURCES CORPORATION",222
operator,"Jetta Operating Company, Inc.","JETTA OPERATING COMPANY, INC.",59270
operator,"Jnc Resources Company","JNC RESOURCES COMPANY",325
operator,"Joint Resources Company","JOINT RESOURCES COMPANY",11781
operator,"Jojon Petroleum Company","JOJON PETROLEUM COMPANY",2196
operator,"Jolen Operating Company","JOLEN OPERATING COMPANY",734
operator,"Jones Oil Company","JONES OIL COMPANY",398
operator,"Jovian Petroleum Corporation","JOVIAN PETROLEUM CORPORATION",96
operator,"Judah Oil","JUDAH OIL",136
operator,"Kaiser-Francis Oil Company","KAISER-FRANCIS OIL COMPANY",98333
operator,"Karper Oil & Gas Corporation","KARPER OIL & GAS CORPORATION",13916
operator,"Kato Operating Company","KATO OPERATING COMPANY",806
operator,"Kelley Oil Corporation","KELLEY OIL CORPORATION",1109
operator,"Kenworthy Operating Company","KENWORTHY OPERATING COMPANY",5203
operator,"Keplinger Operating Company","KEPLINGER OPERATING COMPANY",4
operator,"Kerns Petroleum, Inc.","KERNS PETROLEUM, INC.",867
operator,"Kerr-Mcgee Corporation","KERR-MCGEE CORPORATION",22658
operator,"Kerr-Mcgee Oil & Gas Onshore Llc","KERR-MCGEE OIL & GAS ONSHORE LLC",42118
operator,"Kerr-Mcgee Oil & Gas Onshore Lp","KERR-MCGEE OIL & GAS ONSHORE LP",46493
operator,"Key Energy Services, Llc","KEY ENERGY SERVICES, LLC",10401
operator,"Kimlar Oil Company","KIMLAR OIL COMPANY",270
operator,"King Energy","KING ENERGY",60
operator,"King Operating Corporation","KING OPERATING CORPORATION",13405
operator,"Kingwood Oil Company","KINGWOOD OIL COMPANY",15
operator,"Kinney Incorporated","KINNEY INCORPORATED",2405
operator,"Kirkpatrick Oil Company","KIRKPATRICK OIL COMPANY",9951
operator,"Kitty Oil Company","KITTY OIL COMPANY",128
operator,"Klabzuba Operating Company","KLABZUBA OPERATING COMPANY",230
operator,"Koch Exploration Company","KOCH EXPLORATION COMPANY",54
operator,"Koch Exploration Company, Llc","KOCH EXPLORATION COMPANY, LLC",53
operator,"Koch Hydrocarbon Company","KOCH HYDROCARBON COMPANY",80
operator,"Kukui Operating Company","KUKUI OPERATING COMPANY",90
operator,"Laguna Petroleum Corporation","LAGUNA PETROLEUM CORPORATION",10513
operator,"Lake Ronel Oil Company","LAKE RONEL OIL COMPANY",3157
operator,"Landmark Production Company","LANDMARK PRODUCTION COMPANY",214
operator,"Lapetco Inc","LAPETCO INC",26
operator,"Larron Energy Corporation","LARRON ENERGY CORPORATION",1437
operator,"Lasmo Energy Corporation","LASMO ENERGY CORPORATION",7
operator,"Latex Petroleum Corporation","LATEX PETROLEUM CORPORATION",789
operator,"Latigo Petroleum, Inc.","LATIGO PETROLEUM, INC.",11059
operator,"Lcx Energy, Llc","LCX ENERGY, LLC",5370
operator,"Legacy Reserves Operating Lp","LEGACY RESERVES OPERATING LP",220974
operator,"Leggett Oil Company","LEGGETT OIL COMPANY",82
operator,"Lime Rock Resources A, L.P.","LIME ROCK RESOURCES A, L.P.",8516
operator,"Lime Rock Resources Ii-A, L.P.","LIME ROCK RESOURCES II-A, L.P.",3835
operator,"Little River Energy Company","LITTLE RIVER ENERGY COMPANY",21
operator,"Llano Production Company","LLANO PRODUCTION COMPANY",4708
operator,"Locin Oil Corporation","LOCIN OIL CORPORATION",10604
operator,"Lodestone Operating, Inc.","LODESTONE OPERATING, INC.",2089
operator,"Lone Tree Oil & Gas Llc","LONE TREE OIL & GAS LLC",2939
operator,"Longfellow Energy, Lp","LONGFELLOW ENERGY, LP",48241
operator,"Lothian Oil Texas I, Inc.","LOTHIAN OIL TEXAS I, INC.",23
operator,"Lynx Operating Co., Inc.","LYNX OPERATING CO., INC.",16309
operator,"M & D Oil & Gas","M & D OIL & GAS",344
operator,"M & J Production Company","M & J PRODUCTION COMPANY",818
operator,"Mack Energy Co.","MACK ENERGY CO.",530
operator,"Magnum Hunter Production, Inc.","MAGNUM HUNTER PRODUCTION, INC.",312
operator,"Maguire Oil Company","MAGUIRE OIL COMPANY",15123
operator,"Malson Oil Company","MALSON OIL COMPANY",1340
operator,"Manzanita Operating, LLC","MANZANITA OPERATING, LLC",91
operator,"Manzanita Operating, Llc","MANZANITA OPERATING, LLC",532
operator,"Marjo Oil Company","MARJO OIL COMPANY",172
operator,"Marjo Operating Co., Inc.","MARJO OPERATING CO., INC.",34
operator,"Marsh Operating Company","MARSH OPERATING COMPANY",1053
operator,"Mas Operating Co.","MAS OPERATING CO.",4830
operator,"Matador Production Company","MATADOR PRODUCTION COMPANY",15704
operator,"Maverick Operating, Llc","MAVERICK OPERATING, LLC",3272
operator,"Maverick Permian LLC","MAVERICK PERMIAN LLC",29713
operator,"Maverick Permian Llc","MAVERICK PERMIAN LLC",4556
operator,"Maxim Energy Corporation","MAXIM ENERGY CORPORATION",69
operator,"Mayfield Engineering Service","MAYFIELD ENGINEERING SERVICE",1592
operator,"Mccabe Energy, Inc.","MCCABE ENERGY, INC.",1139
operator,"Mccoy Petroleum Corporation","MCCOY PETROLEUM CORPORATION",34
operator,"Mcgoldrick Oil Company","MCGOLDRICK OIL COMPANY",1118
operator,"Medders Oil Company","MEDDERS OIL COMPANY",685
operator,"Medicine Bow Operating Company","MEDICINE BOW OPERATING COMPANY",743
operator,"Melrose Operating Company","MELROSE OPERATING COMPANY",7151
operator,"Merit Energy Company","MERIT ENERGY COMPANY",491875
operator,"Mewbourne Oil Company","MEWBOURNE OIL COMPANY",190484
operator,"Midgard Energy Company","MIDGARD ENERGY COMPANY",42726
operator,"Mission Resources Corporation","MISSION RESOURCES CORPORATION",6464
operator,"Mitchell Energy Corporation","MITCHELL ENERGY CORPORATION",245709
operator,"Mitchell Oil Company","MITCHELL OIL COMPANY",1221
operator,"Momentum Energy Corporation","MOMENTUM ENERGY CORPORATION",11264
operator,"Momentum Energy, Llc","MOMENTUM ENERGY, LLC",1893
operator,"Montex Exploration Company","MONTEX EXPLORATION COMPANY",46
operator,"Moriah Resources, Inc.","MORIAH RESOURCES, INC.",1735
operator,"MorningStar Operating LLC","MORNINGSTAR OPERATING LLC",73959
operator,"Morningstar Operating Llc","MORNINGSTAR OPERATING LLC",3946
operator,"Morningstar Partners, L.P.","MORNINGSTAR PARTNERS, L.P.",324
operator,"Mott Petroleum Corporation","MOTT PETROLEUM CORPORATION",9
operator,"Mt Energy Llc","MT ENERGY LLC",332
operator,"Mueller Oil Company","MUELLER OIL COMPANY",23
operator,"Mulloy Operating, Inc.","MULLOY OPERATING, INC.",3465
operator,"Murchison Oil & Gas Inc","MURCHISON OIL & GAS INC",3156
operator,"Murchison Oil And Gas, Llc","MURCHISON OIL AND GAS, LLC",1236
operator,"Murchison Oil and Gas, LLC","MURCHISON OIL AND GAS, LLC",24837
operator,"Mustang Fuel Corporation","MUSTANG FUEL CORPORATION",3039
operator,"Mw Petroleum Corporation","MW PETROLEUM CORPORATION",26842
operator,"Mws Producing, Inc.","MWS PRODUCING, INC.",8491
operator,"Myco Petroleum","MYCO PETROLEUM",820
operator,"Myjo Oil Corporation","MYJO OIL CORPORATION",245
operator,"Natural Gas Anadarko Company","NATURAL GAS ANADARKO COMPANY",30171
operator,"Nbl Permian Llc","NBL PERMIAN LLC",2595
operator,"New Horizon Exploration, Inc.","NEW HORIZON EXPLORATION, INC.",3333
operator,"New Horizon Resources LLC","NEW HORIZON RESOURCES LLC",28
operator,"New Horizon Resources Llc","NEW HORIZON RESOURCES LLC",4184
operator,"Nitro Oil & Gas, LLC","NITRO OIL & GAS, LLC",356
operator,"Nitro Oil & Gas, Llc","NITRO OIL & GAS, LLC",3035
operator,"Nmr Energy Llc","NMR ENERGY LLC",1270
operator,"Noble Energy Inc","NOBLE ENERGY INC",70303
operator,"Noble Operating, Llc","NOBLE OPERATING, LLC",75
operator,"Norman Oil Corporation","NORMAN OIL CORPORATION",653
operator,"North Lake Resources Llc","NORTH LAKE RESOURCES LLC",4543
operator,"Northland Operating Company","NORTHLAND OPERATING COMPANY",1211
operator,"Northridge Oil Company","NORTHRIDGE OIL COMPANY",3280
operator,"Northstar Operating Company","NORTHSTAR OPERATING COMPANY",7644
operator,"Northwest Oil Company","NORTHWEST OIL COMPANY",169
operator,"Novo II Operating, LLC","NOVO II OPERATING, LLC",6
operator,"Nytex Corporation","NYTEX CORPORATION",59
operator,"O'Brien Energy Resources Corp","O'BRIEN ENERGY RESOURCES CORP",1822
operator,"O'Neal Oil Company","O'NEAL OIL COMPANY",13481
operator,"Ogx Operating, Llc","OGX OPERATING, LLC",549
operator,"Oil & Gas Operations","OIL & GAS OPERATIONS",1417
operator,"Oilrox Resources Llc","OILROX RESOURCES LLC",54
operator,"Okie Crude Company","OKIE CRUDE COMPANY",463
operator,"Okie Operating Company, Ltd.","OKIE OPERATING COMPANY, LTD.",5256
operator,"Oklahoma Oil Company","OKLAHOMA OIL COMPANY",44
operator,"Omega Energy","OMEGA ENERGY",7
operator,"Oneok Exploration Company","ONEOK EXPLORATION COMPANY",50
operator,"Oneok Resources Company","ONEOK RESOURCES COMPANY",48
operator,"Opal Operating Company LLC","OPAL OPERATING COMPANY LLC",5528
operator,"Opal Operating Company Llc","OPAL OPERATING COMPANY LLC",118
operator,"Orbit Petroleum, Inc.","ORBIT PETROLEUM, INC.",483
operator,"Oryx Energy Company","ORYX ENERGY COMPANY",55415
operator,"Osborn Heirs Company","OSBORN HEIRS COMPANY",8514
operator,"Otc Petroleum Corporation","OTC PETROLEUM CORPORATION",989
operator,"Ovintiv USA Inc.","OVINTIV USA INC.",9221
operator,"Ovintiv Usa Inc.","OVINTIV USA INC.",77401
operator,"Ozark-Mahoning Company","OZARK-MAHONING COMPANY",47
operator,"Palisades Asset Holding Co., Llc","PALISADES ASSET HOLDING CO., LLC",27
operator,"Pan Western Energy Corporation","PAN WESTERN ENERGY CORPORATION",1795
operator,"Panadero Oil Company","PANADERO OIL COMPANY",71
operator,"Panamerican Operating Inc","PANAMERICAN OPERATING INC",2720
operator,"Pantera Energy Company","PANTERA ENERGY COMPANY",217089
operator,"Par Minerals Corporation","PAR MINERALS CORPORATION",6034
operator,"Paradigm Petroleum Corporation","PARADIGM PETROLEUM CORPORATION",812
operator,"Parallel Petroleum Llc","PARALLEL PETROLEUM LLC",10134
operator,"Partners Oil Company","PARTNERS OIL COMPANY",464
operator,"Patrick Exploration Company","PATRICK EXPLORATION COMPANY",191
operator,"Patterson Petroleum Llc","PATTERSON PETROLEUM LLC",508
operator,"PBEX Operations, LLC","PBEX OPERATIONS, LLC",143
operator,"Pbex Operations, Llc","PBEX OPERATIONS, LLC",1024
operator,"Pecos Operating Company, Llc","PECOS OPERATING COMPANY, LLC",1615
operator,"Pecos Production Company","PECOS PRODUCTION COMPANY",368
operator,"Permeator Corporation","PERMEATOR CORPORATION",581
operator,"Permian Resources Operating, LLC","PERMIAN RESOURCES OPERATING, LLC",20242
operator,"Permian Resources Operating, Llc","PERMIAN RESOURCES OPERATING, LLC",40407
operator,"Perry Exploration Company","PERRY EXPLORATION COMPANY",36
operator,"Petco Energy Corporation","PETCO ENERGY CORPORATION",2855
operator,"Petro-Hunt Corporation","PETRO-HUNT CORPORATION",4490
operator,"Petrogulf Corporation","PETROGULF CORPORATION",981
operator,"Petrohawk Operating Company","PETROHAWK OPERATING COMPANY",17845
operator,"Petroleum Reserve Corporation","PETROLEUM RESERVE CORPORATION",84
operator,"Petrolia Energy Corporation","PETROLIA ENERGY CORPORATION",37
operator,"Petromark Resources Company","PETROMARK RESOURCES COMPANY",5
operator,"Petron Oil Company","PETRON OIL COMPANY",431
operator,"Phillips 66 Pipeline Llc","PHILLIPS 66 PIPELINE LLC",654
operator,"Pierce Production Company, Llc","PIERCE PRODUCTION COMPANY, LLC",960
operator,"Png Production, Llc","PNG PRODUCTION, LLC",1533
operator,"Pogo Producing Company Llc","POGO PRODUCING COMPANY LLC",26007
operator,"Post Oak Oil Company","POST OAK OIL COMPANY",24
operator,"Ppc Operating Company Llc","PPC OPERATING COMPANY LLC",7556
operator,"Premier Natural Resources, Llc","PREMIER NATURAL RESOURCES, LLC",13477
operator,"Premier Operating Company","PREMIER OPERATING COMPANY",141
operator,"Presidio Petroleum Llc","PRESIDIO PETROLEUM LLC",122128
operator,"Pride Energy Company","PRIDE ENERGY COMPANY",26026
operator,"Primal Energy Corporation","PRIMAL ENERGY CORPORATION",25874
operator,"Prime Operating Company","PRIME OPERATING COMPANY",72850
operator,"Primexx Operating Corporation","PRIMEXX OPERATING CORPORATION",15074
operator,"Prize Operating Company","PRIZE OPERATING COMPANY",22896
operator,"Probity Operating, Llc","PROBITY OPERATING, LLC",213
operator,"Pyote Well Service, Llc","PYOTE WELL SERVICE, LLC",2192
operator,"Qep Energy Company","QEP ENERGY COMPANY",25835
operator,"Quantum Oil & Gas Corporation","QUANTUM OIL & GAS CORPORATION",1109
operator,"Quarles Drilling Corporation","QUARLES DRILLING CORPORATION",51
operator,"Questa Energy Corporation","QUESTA ENERGY CORPORATION",34315
operator,"Quinque Operating Company","QUINQUE OPERATING COMPANY",2930
operator,"R & R Exploration","R & R EXPLORATION",12
operator,"Rad Oil Company","RAD OIL COMPANY",645
operator,"Raker Resources Llc","RAKER RESOURCES LLC",334
operator,"Range Production Company","RANGE PRODUCTION COMPANY",182571
operator,"Ranger 40 Petroleum, Llc","RANGER 40 PETROLEUM, LLC",4906
operator,"Ranken Energy Corporation","RANKEN ENERGY CORPORATION",735
operator,"Raven Operating Group, Inc.","RAVEN OPERATING GROUP, INC.",465
operator,"Raw Oil & Gas, Inc.","RAW OIL & GAS, INC.",10278
operator,"Redstone Oil & Gas Company","REDSTONE OIL & GAS COMPANY",2200
operator,"Reef Exploration, L.P.","REEF EXPLORATION, L.P.",5405
operator,"Regent Oil & Gas Company, L.P.","REGENT OIL & GAS COMPANY, L.P.",148
operator,"Reliance Energy, Inc.","RELIANCE ENERGY, INC.",15642
operator,"Reliance Trusts","RELIANCE TRUSTS",32
operator,"Remnant Oil Operating, Llc","REMNANT OIL OPERATING, LLC",330
operator,"Resaca Operating Company","RESACA OPERATING COMPANY",3351
operator,"Rex Energy Operating Corp.","REX ENERGY OPERATING CORP.",1398
operator,"Rice Operating Company","RICE OPERATING COMPANY",1432
operator,"Richland Resources Corporation","RICHLAND RESOURCES CORPORATION",9417
operator,"Ricks Expl Acquisition Corp","RICKS EXPL ACQUISITION CORP",1251
operator,"Ricks Expl Acquisition Llc","RICKS EXPL ACQUISITION LLC",572
operator,"Rim Operating, Inc.","RIM OPERATING, INC.",9857
operator,"Rimrock Gas Company","RIMROCK GAS COMPANY",1402
operator,"Rki Exploration & Production Llc","RKI EXPLORATION & PRODUCTION LLC",10250
operator,"Rkk Production Company","RKK PRODUCTION COMPANY",299
operator,"Rme Petroleum Company","RME PETROLEUM COMPANY",91422
operator,"Rmr Operating, Llc","RMR OPERATING, LLC",1208
operator,"Robertson-Bryce Management, Llc","ROBERTSON-BRYCE MANAGEMENT, LLC",930
operator,"Roca Operating, Inc.","ROCA OPERATING, INC.",2028
operator,"Rockland Oil Company","ROCKLAND OIL COMPANY",502
operator,"Rockwell Energy Corporation","ROCKWELL ENERGY CORPORATION",130
operator,"Roden Oil Company","RODEN OIL COMPANY",49
operator,"Roff Operating Company, Llc","ROFF OPERATING COMPANY, LLC",8162
operator,"Rosehill Operating Company, Llc","ROSEHILL OPERATING COMPANY, LLC",2618
operator,"Rosetta Resources Operating Lp","ROSETTA RESOURCES OPERATING LP",114729
operator,"Roswell Operating, Llc","ROSWELL OPERATING, LLC",1029
operator,"Royal Petroleum","ROYAL PETROLEUM",428
operator,"Rubicon Oil & Gas, Llc","RUBICON OIL & GAS, LLC",857
operator,"Rumble Energy Llc","RUMBLE ENERGY LLC",877
operator,"Rush Creek Operating Llc","RUSH CREEK OPERATING LLC",1270
operator,"S & S Energy","S & S ENERGY",376
operator,"Saber Oil & Gas Ventures, Llc","SABER OIL & GAS VENTURES, LLC",4623
operator,"Sabinal Energy Operating, LLC","SABINAL ENERGY OPERATING, LLC",2957
operator,"Sabinal Energy Operating, Llc","SABINAL ENERGY OPERATING, LLC",11867
operator,"Sabine Oil & Gas Corporation","SABINE OIL & GAS CORPORATION",162118
operator,"Sage Energy Company","SAGE ENERGY COMPANY",45802
operator,"Saguaro Petroleum, LLC","SAGUARO PETROLEUM, LLC",4141
operator,"Saguaro Petroleum, Llc","SAGUARO PETROLEUM, LLC",5106
operator,"Samedan Oil Corporation","SAMEDAN OIL CORPORATION",14897
operator,"Samson Hydrocarbons Company","SAMSON HYDROCARBONS COMPANY",10837
operator,"Samson Resources Company","SAMSON RESOURCES COMPANY",16426
operator,"Sandel Energy, Inc.","SANDEL ENERGY, INC.",3198
operator,"Sandel Operating Company","SANDEL OPERATING COMPANY",18825
operator,"Sandlot Oil & Gas Llc","SANDLOT OIL & GAS LLC",3501
operator,"Santo Operating Llc","SANTO OPERATING LLC",130
operator,"Saxet Oil Corporation","SAXET OIL CORPORATION",8643
operator,"Scana Exploration Company","SCANA EXPLORATION COMPANY",51
operator,"Scana Production Company","SCANA PRODUCTION COMPANY",18
operator,"Scorpion Oil & Gas, LLC","SCORPION OIL & GAS, LLC",342
operator,"Scorpion Oil & Gas, Llc","SCORPION OIL & GAS, LLC",308
operator,"Scout Energy Management Llc","SCOUT ENERGY MANAGEMENT LLC",530152
operator,"Scr Energy Operating Llc","SCR ENERGY OPERATING LLC",28
operator,"Seattle'S Best Consulting Llc","SEATTLE'S BEST CONSULTING LLC",82
operator,"Seattle's Best Consulting LLC","SEATTLE'S BEST CONSULTING LLC",44
operator,"Seely Oil Company","SEELY OIL COMPANY",10928
operator,"Seguro Oil And Gas, Llc","SEGURO OIL AND GAS, LLC",1302
operator,"Select Water Solutions, Llc","SELECT WATER SOLUTIONS, LLC",2009
operator,"Shell Oil Company","SHELL OIL COMPANY",526
operator,"Shenandoah Petroleum Corporation","SHENANDOAH PETROLEUM CORPORATION",16161
operator,"Sheridan Production Company, Llc","SHERIDAN PRODUCTION COMPANY, LLC",147806
operator,"Shoshone Oil Company","SHOSHONE OIL COMPANY",86
operator,"Silver Creek Oil & Gas, Llc","SILVER CREEK OIL & GAS, LLC",10105
operator,"Sinclair Oil & Gas Company","SINCLAIR OIL & GAS COMPANY",2611
operator,"Single Barrel Oil And Gas Llc","SINGLE BARREL OIL AND GAS LLC",1052
operator,"Sloan Oil Corporation","SLOAN OIL CORPORATION",90
operator,"Sm Energy Company","SM ENERGY COMPANY",161133
operator,"Smc Oil & Gas, Inc.","SMC OIL & GAS, INC.",12491
operator,"Snyder Oil Corporation","SNYDER OIL CORPORATION",5059
operator,"Snyder Partners","SNYDER PARTNERS",1081
operator,"Sogo Iii Llc","SOGO III LLC",6486
operator,"Sojourner Drilling Corporation","SOJOURNER DRILLING CORPORATION",84265
operator,"Sonat Exploration Company","SONAT EXPLORATION COMPANY",1137
operator,"Southland Royalty Company","SOUTHLAND ROYALTY COMPANY",3444
operator,"Sozo Natural Resources LLC","SOZO NATURAL RESOURCES LLC",517
operator,"Sozo Natural Resources Llc","SOZO NATURAL RESOURCES LLC",876
operator,"Special Energy Corporation","SPECIAL ENERGY CORPORATION",1065
operator,"Speller Oil Corporation","SPELLER OIL CORPORATION",343
operator,"Spencer Oil Company","SPENCER OIL COMPANY",98
operator,"Spindletop Oil & Gas Company","SPINDLETOP OIL & GAS COMPANY",33587
operator,"Stanolind Operating Corp.","STANOLIND OPERATING CORP.",4060
operator,"Stanolind Permian LLC","STANOLIND PERMIAN LLC",1045
operator,"Stanolind Permian Llc","STANOLIND PERMIAN LLC",480
operator,"Statoil Oil & Gas Lp","STATOIL OIL & GAS LP",108
operator,"Stephens Production Company","STEPHENS PRODUCTION COMPANY",1201
operator,"Steward Energy Ii, Llc","STEWARD ENERGY II, LLC",7477
operator,"Strat Land Exploration Company","STRAT LAND EXPLORATION COMPANY",66439
operator,"Studley Resources Corporation","STUDLEY RESOURCES CORPORATION",76
operator,"Sundown Energy Lp","SUNDOWN ENERGY LP",36288
operator,"Sunlight Exploration, Inc.","SUNLIGHT EXPLORATION, INC.",3731
operator,"Sunterra Energy Corporation","SUNTERRA ENERGY CORPORATION",12
operator,"Suoco Oil Corporation","SUOCO OIL CORPORATION",1458
operator,"Swift Energy Company","SWIFT ENERGY COMPANY",66590
operator,"Tandem Energy Corporation","TANDEM ENERGY CORPORATION",26549
operator,"Tap Rock Operating, Llc","TAP ROCK OPERATING, LLC",376
operator,"Targa Midstream Services Llc","TARGA MIDSTREAM SERVICES LLC",346
operator,"Targa Pipeline Mid-Continent Llc","TARGA PIPELINE MID-CONTINENT LLC",258
operator,"Taubert & Steed","TAUBERT & STEED",236
operator,"Taylor Energy Corporation","TAYLOR ENERGY CORPORATION",548
operator,"Team Operating, L.L.C.","TEAM OPERATING, L.L.C.",6063
operator,"Templar Operating Llc","TEMPLAR OPERATING LLC",6168
operator,"Tenison Oil Company","TENISON OIL COMPANY",3795
operator,"Texakoma Oil & Gas Corporation","TEXAKOMA OIL & GAS CORPORATION",1365
operator,"Texas Transco Inc","TEXAS TRANSCO INC",185
operator,"Texian Operating Company, LLC","TEXIAN OPERATING COMPANY, LLC",163
operator,"Texian Operating Company, Llc","TEXIAN OPERATING COMPANY, LLC",7718
operator,"Texon Oil Company, Inc.","TEXON OIL COMPANY, INC.",6148
operator,"Tgx Corporation","TGX CORPORATION",181
operator,"Three Forks Resources, Llc","THREE FORKS RESOURCES, LLC",1681
operator,"Threshold Development Company","THRESHOLD DEVELOPMENT COMPANY",5978
operator,"Tide West Oil Company","TIDE WEST OIL COMPANY",2256
operator,"Titus Oil & Gas Production, LLC","TITUS OIL & GAS PRODUCTION, LLC",504
operator,"Titus Oil & Gas Production, Llc","TITUS OIL & GAS PRODUCTION, LLC",466
operator,"Tola Production Company","TOLA PRODUCTION COMPANY",2767
operator,"Torch Energy Services, Inc.","TORCH ENERGY SERVICES, INC.",7378
operator,"Torch Operating Company","TORCH OPERATING COMPANY",16610
operator,"Total Minatome Corporation","TOTAL MINATOME CORPORATION",258
operator,"Totalfinaelf E&P Usa Inc","TOTALFINAELF E&P USA INC",11374
operator,"Trailblazer Energy Llc","TRAILBLAZER ENERGY LLC",120
operator,"Transfuel Resources Company","TRANSFUEL RESOURCES COMPANY",921
operator,"Trinity Eor, Llc","TRINITY EOR, LLC",749
operator,"Tritex Resources, L.L.C.","TRITEX RESOURCES, L.L.C.",803
operator,"Trivestco Energy Company","TRIVESTCO ENERGY COMPANY",51
operator,"Troxell Oil & Gas","TROXELL OIL & GAS",892
operator,"TRP Operating LLC","TRP OPERATING LLC",14
operator,"Trp Operating Llc","TRP OPERATING LLC",10394
operator,"Twilight Energy Llc","TWILIGHT ENERGY LLC",349
operator,"Txo Production Corporation","TXO PRODUCTION CORPORATION",215
operator,"U.S. Enercorp, Ltd.","U.S. ENERCORP, LTD.",3694
operator,"Umc Petroleum Corporation","UMC PETROLEUM CORPORATION",19665
operator,"Unit Petroleum Company","UNIT PETROLEUM COMPANY",231170
operator,"Untamed Resources, Llc","UNTAMED RESOURCES, LLC",96
operator,"Upland Production Company","UPLAND PRODUCTION COMPANY",675
operator,"Vaca Operating Company Llc","VACA OPERATING COMPANY LLC",1004
operator,"Valence Operating Company","VALENCE OPERATING COMPANY",182045
operator,"Validus Energy Ii Midcon Llc","VALIDUS ENERGY II MIDCON LLC",77
operator,"Vanguard Operating, Llc","VANGUARD OPERATING, LLC",29654
operator,"Vega Energy Company","VEGA ENERGY COMPANY",58
operator,"Venado Petroleum Corporation","VENADO PETROLEUM CORPORATION",5
operator,"Verdad Oil & Gas Corporation","VERDAD OIL & GAS CORPORATION",10570
operator,"Vess Oil Corporation","VESS OIL CORPORATION",11290
operator,"Vistatex Energy Llc","VISTATEX ENERGY LLC",1175
operator,"Wagner Oil Company","WAGNER OIL COMPANY",105194
operator,"Walter Oil & Gas Corporation","WALTER OIL & GAS CORPORATION",3688
operator,"Wapiti Operating, LLC","WAPITI OPERATING, LLC",61279
operator,"Wapiti Operating, Llc","WAPITI OPERATING, LLC",12083
operator,"Warren Petroleum Company","WARREN PETROLEUM COMPANY",206
operator,"Washita Production Company","WASHITA PRODUCTION COMPANY",24
operator,"Waylander LLC","WAYLANDER LLC",170
operator,"Waylander Llc","WAYLANDER LLC",114
operator,"Weiser-Brown Operating Company","WEISER-BROWN OPERATING COMPANY",682
operator,"West Bay Exploration Company","WEST BAY EXPLORATION COMPANY",1325
operator,"Westerly Exploration, Inc.","WESTERLY EXPLORATION, INC.",406
operator,"Western Oil Company","WESTERN OIL COMPANY",66
operator,"Westland Oil Development Corp.","WESTLAND OIL DEVELOPMENT CORP.",4608
operator,"Weststar Exploration Company","WESTSTAR EXPLORATION COMPANY",92
operator,"White Rock Oil & Gas, Llc","WHITE ROCK OIL & GAS, LLC",22679
operator,"Whiting Oil And Gas Corporation","WHITING OIL AND GAS CORPORATION",70529
operator,"Whitmar Exploration Company","WHITMAR EXPLORATION COMPANY",76
operator,"Wilcox Oil Company","WILCOX OIL COMPANY",2791
operator,"Wildhorse Operating Company","WILDHORSE OPERATING COMPANY",6796
operator,"Williams Oil Company","WILLIAMS OIL COMPANY",26534
operator,"Williford Energy Company","WILLIFORD ENERGY COMPANY",4079
operator,"Wlh Production Llc","WLH PRODUCTION LLC",176
operator,"WPX Energy Permian, LLC","WPX ENERGY PERMIAN, LLC",49156
operator,"Wpx Energy Permian, Llc","WPX ENERGY PERMIAN, LLC",67432
operator,"Wyatt Permian, LLC","WYATT PERMIAN, LLC",220
operator,"Wyatt Permian, Llc","WYATT PERMIAN, LLC",468
operator,"Xeric Oil & Gas Corporation","XERIC OIL & GAS CORPORATION",22771
operator,"Xog Operating Llc","XOG OPERATING LLC",60399
operator,"Zarvona Energy Llc","ZARVONA ENERGY LLC",75425
county,"Alfalfa","ALFALFA",1409
county,"Atoka","ATOKA",36
county,"Beaver","BEAVER",442
county,"Beckham","BECKHAM",261
county,"Blaine","BLAINE",1025
county,"Bryan","BRYAN",21
county,"Caddo","CADDO",350
county,"Canadian","CANADIAN",1818
county,"Carter","CARTER",1699
county,"Cherokee","CHEROKEE",194556
county,"Cimarron","CIMARRON",37
county,"Cleveland","CLEVELAND",73
county,"Coal","COAL",310
county,"Comanche","COMANCHE",120036
county,"Cotton","COTTON",42
county,"Craig","CRAIG",25
county,"Creek","CREEK",692
county,"Custer","CUSTER",317
county,"Dewey","DEWEY",668
county,"Ellis","ELLIS",17858
county,"Garfield","GARFIELD",727
county,"Garvin","GARVIN",927
county,"Grady","GRADY",1681
county,"Grant","GRANT",632
county,"Greer","GREER",1
county,"Harmon","HARMON",2
county,"Harper","HARPER",183
county,"Haskell","HASKELL",120844
county,"Hughes","HUGHES",597
county,"Jackson","JACKSON",342261
county,"Jefferson","JEFFERSON",171455
county,"Johnston","JOHNSTON",95
county,"Kay","KAY",686
county,"Kingfisher","KINGFISHER",2281
county,"Kiowa","KIOWA",34
county,"Latimer","LATIMER",89
county,"Leflore","LEFLORE",38
county,"Lincoln","LINCOLN",366
county,"Logan","LOGAN",617
county,"Love","LOVE",242
county,"Major","MAJOR",529
county,"Marshall","MARSHALL",158
county,"Mayes","MAYES",12
county,"Mcclain","MCCLAIN",738
county,"Mcintosh","MCINTOSH",60
county,"Murray","MURRAY",65
county,"Muskogee","MUSKOGEE",68
county,"Noble","NOBLE",590
county,"Not Denoted","NOT DENOTED",10
county,"Nowata","NOWATA",459
county,"Okfuskee","OKFUSKEE",291
county,"Oklahoma","OKLAHOMA",321
county,"Okmulgee","OKMULGEE",240
county,"Pawnee","PAWNEE",458
county,"Payne","PAYNE",597
county,"Pittsburg","PITTSBURG",578
county,"Pontotoc","PONTOTOC",353
county,"Pottawatomie","POTTAWATOMIE",389
county,"Pushmataha","PUSHMATAHA",4
county,"Roger Mills","ROGER MILLS",777
county,"Rogers","ROGERS",158
county,"Seminole","SEMINOLE",734
county,"Sequoyah","SEQUOYAH",6
county,"Stephens","STEPHENS",722136
county,"Texas","TEXAS",458
county,"Tillman","TILLMAN",80
county,"Tulsa","TULSA",146
county,"Various Loc","VARIOUS LOC",1
county,"Wagoner","WAGONER",120
county,"Washington","WASHINGTON",115642
county,"Washita","WASHITA",325
county,"Woods","WOODS",1344
county,"Woodward","WOODWARD",167
field_name,"Armstrong","ARMSTRONG",398
field_name,"Brownville","BROWNVILLE",263
field_name,"Burns","BURNS",1156
field_name,"Campbell","CAMPBELL",56
field_name,"Cleveland","CLEVELAND",2741
field_name,"Coline","COLINE",984
field_name,"Deer Creek","DEER CREEK",3630
field_name,"Dutcher (Atoka)","DUTCHER (ATOKA)",5032
field_name,"Gibson","GIBSON",1893
field_name,"Griffin","GRIFFIN",2114
field_name,"Henderson","HENDERSON",9200
field_name,"Hoover","HOOVER",3146
field_name,"Jones","JONES",2196
field_name,"Markham","MARKHAM",10892
field_name,"Mayes","MAYES",183
field_name,"Panola","PANOLA",29022
field_name,"Sanders","SANDERS",657
field_name,"Simpson","SIMPSON",18955
field_name,"Spencer","SPENCER",3980
field_name,"Stanley","STANLEY",1397
field_name,"Tucker","TUCKER",1030
field_name,"Weir","WEIR",815
field_name,"Welch","WELCH",14904
field_name,"Williams","WILLIAMS",423
